from,to,distance
DENV,DENV,0.0
DENV,WASH,3.0
DENV,SUNN,2.0
DENV,STAR,3.0
DENV,CHIC,2.0
DENV,SACR,1.0
DENV,AOFA,4.0
DENV,HOUS,2.0
DENV,NASH,3.0
DENV,NEWY,5.0
DENV,ALBQ,3.0
DENV,LOND,3.0
DENV,KANS,1.0
DENV,BOST,4.0
DENV,ELPA,3.0
DENV,BOIS,1.0
DENV,LSVN,1.0
DENV,PNWG,1.0
DENV,AMST,4.0
DENV,JGI,2.0
DENV,LLNL,3.0
DENV,NREL,1.0
DENV,BNL,6.0
DENV,SNLL,2.0
DENV,PPPL,4.0
DENV,ANL,4.0
DENV,SNLA,2.0
DENV,FNAL,4.0
DENV,SLAC,3.0
DENV,NERSC,3.0
DENV,PANTEX,3.0
DENV,CERN-513,5.0
WASH,DENV,3.0
WASH,WASH,0.0
WASH,SUNN,3.0
WASH,STAR,2.0
WASH,CHIC,1.0
WASH,SACR,2.0
WASH,AOFA,1.0
WASH,HOUS,2.0
WASH,NASH,1.0
WASH,NEWY,2.0
WASH,ALBQ,4.0
WASH,LOND,2.0
WASH,KANS,2.0
WASH,BOST,3.0
WASH,ELPA,3.0
WASH,BOIS,4.0
WASH,LSVN,4.0
WASH,PNWG,3.0
WASH,AMST,3.0
WASH,JGI,3.0
WASH,LLNL,4.0
WASH,NREL,4.0
WASH,BNL,3.0
WASH,SNLL,3.0
WASH,PPPL,1.0
WASH,ANL,3.0
WASH,SNLA,3.0
WASH,FNAL,3.0
WASH,SLAC,4.0
WASH,NERSC,4.0
WASH,PANTEX,3.0
WASH,CERN-513,4.0
SUNN,DENV,2.0
SUNN,WASH,3.0
SUNN,SUNN,0.0
SUNN,STAR,3.0
SUNN,CHIC,2.0
SUNN,SACR,1.0
SUNN,AOFA,4.0
SUNN,HOUS,2.0
SUNN,NASH,3.0
SUNN,NEWY,5.0
SUNN,ALBQ,3.0
SUNN,LOND,3.0
SUNN,KANS,3.0
SUNN,BOST,4.0
SUNN,ELPA,1.0
SUNN,BOIS,3.0
SUNN,LSVN,1.0
SUNN,PNWG,2.0
SUNN,AMST,4.0
SUNN,JGI,2.0
SUNN,LLNL,1.0
SUNN,NREL,3.0
SUNN,BNL,6.0
SUNN,SNLL,2.0
SUNN,PPPL,4.0
SUNN,ANL,4.0
SUNN,SNLA,2.0
SUNN,FNAL,4.0
SUNN,SLAC,1.0
SUNN,NERSC,1.0
SUNN,PANTEX,3.0
SUNN,CERN-513,5.0
STAR,DENV,3.0
STAR,WASH,2.0
STAR,SUNN,3.0
STAR,STAR,0.0
STAR,CHIC,1.0
STAR,SACR,2.0
STAR,AOFA,1.0
STAR,HOUS,3.0
STAR,NASH,2.0
STAR,NEWY,2.0
STAR,ALBQ,4.0
STAR,LOND,2.0
STAR,KANS,2.0
STAR,BOST,1.0
STAR,ELPA,4.0
STAR,BOIS,4.0
STAR,LSVN,4.0
STAR,PNWG,3.0
STAR,AMST,2.0
STAR,JGI,3.0
STAR,LLNL,4.0
STAR,NREL,4.0
STAR,BNL,3.0
STAR,SNLL,3.0
STAR,PPPL,3.0
STAR,ANL,1.0
STAR,SNLA,3.0
STAR,FNAL,1.0
STAR,SLAC,4.0
STAR,NERSC,4.0
STAR,PANTEX,4.0
STAR,CERN-513,3.0
CHIC,DENV,2.0
CHIC,WASH,1.0
CHIC,SUNN,2.0
CHIC,STAR,1.0
CHIC,CHIC,0.0
CHIC,SACR,1.0
CHIC,AOFA,2.0
CHIC,HOUS,2.0
CHIC,NASH,1.0
CHIC,NEWY,3.0
CHIC,ALBQ,3.0
CHIC,LOND,3.0
CHIC,KANS,1.0
CHIC,BOST,2.0
CHIC,ELPA,3.0
CHIC,BOIS,3.0
CHIC,LSVN,3.0
CHIC,PNWG,2.0
CHIC,AMST,3.0
CHIC,JGI,2.0
CHIC,LLNL,3.0
CHIC,NREL,3.0
CHIC,BNL,4.0
CHIC,SNLL,2.0
CHIC,PPPL,2.0
CHIC,ANL,2.0
CHIC,SNLA,2.0
CHIC,FNAL,2.0
CHIC,SLAC,3.0
CHIC,NERSC,3.0
CHIC,PANTEX,3.0
CHIC,CERN-513,4.0
SACR,DENV,1.0
SACR,WASH,2.0
SACR,SUNN,1.0
SACR,STAR,2.0
SACR,CHIC,1.0
SACR,SACR,0.0
SACR,AOFA,3.0
SACR,HOUS,3.0
SACR,NASH,2.0
SACR,NEWY,4.0
SACR,ALBQ,2.0
SACR,LOND,2.0
SACR,KANS,2.0
SACR,BOST,3.0
SACR,ELPA,2.0
SACR,BOIS,2.0
SACR,LSVN,2.0
SACR,PNWG,1.0
SACR,AMST,3.0
SACR,JGI,1.0
SACR,LLNL,2.0
SACR,NREL,2.0
SACR,BNL,5.0
SACR,SNLL,1.0
SACR,PPPL,3.0
SACR,ANL,3.0
SACR,SNLA,1.0
SACR,FNAL,3.0
SACR,SLAC,2.0
SACR,NERSC,2.0
SACR,PANTEX,4.0
SACR,CERN-513,4.0
AOFA,DENV,3.0
AOFA,WASH,1.0
AOFA,SUNN,3.0
AOFA,STAR,1.0
AOFA,CHIC,1.0
AOFA,SACR,2.0
AOFA,AOFA,0.0
AOFA,HOUS,3.0
AOFA,NASH,2.0
AOFA,NEWY,1.0
AOFA,ALBQ,4.0
AOFA,LOND,1.0
AOFA,KANS,2.0
AOFA,BOST,2.0
AOFA,ELPA,4.0
AOFA,BOIS,4.0
AOFA,LSVN,4.0
AOFA,PNWG,3.0
AOFA,AMST,2.0
AOFA,JGI,3.0
AOFA,LLNL,4.0
AOFA,NREL,4.0
AOFA,BNL,2.0
AOFA,SNLL,3.0
AOFA,PPPL,2.0
AOFA,ANL,2.0
AOFA,SNLA,3.0
AOFA,FNAL,2.0
AOFA,SLAC,4.0
AOFA,NERSC,4.0
AOFA,PANTEX,4.0
AOFA,CERN-513,3.0
HOUS,DENV,2.0
HOUS,WASH,2.0
HOUS,SUNN,2.0
HOUS,STAR,3.0
HOUS,CHIC,2.0
HOUS,SACR,3.0
HOUS,AOFA,3.0
HOUS,HOUS,0.0
HOUS,NASH,1.0
HOUS,NEWY,4.0
HOUS,ALBQ,5.0
HOUS,LOND,4.0
HOUS,KANS,1.0
HOUS,BOST,4.0
HOUS,ELPA,1.0
HOUS,BOIS,3.0
HOUS,LSVN,3.0
HOUS,PNWG,3.0
HOUS,AMST,5.0
HOUS,JGI,4.0
HOUS,LLNL,3.0
HOUS,NREL,3.0
HOUS,BNL,5.0
HOUS,SNLL,4.0
HOUS,PPPL,3.0
HOUS,ANL,4.0
HOUS,SNLA,4.0
HOUS,FNAL,4.0
HOUS,SLAC,3.0
HOUS,NERSC,3.0
HOUS,PANTEX,1.0
HOUS,CERN-513,6.0
NASH,DENV,3.0
NASH,WASH,1.0
NASH,SUNN,3.0
NASH,STAR,2.0
NASH,CHIC,1.0
NASH,SACR,2.0
NASH,AOFA,2.0
NASH,HOUS,1.0
NASH,NASH,0.0
NASH,NEWY,3.0
NASH,ALBQ,4.0
NASH,LOND,3.0
NASH,KANS,2.0
NASH,BOST,3.0
NASH,ELPA,2.0
NASH,BOIS,4.0
NASH,LSVN,4.0
NASH,PNWG,3.0
NASH,AMST,4.0
NASH,JGI,3.0
NASH,LLNL,4.0
NASH,NREL,4.0
NASH,BNL,4.0
NASH,SNLL,3.0
NASH,PPPL,2.0
NASH,ANL,3.0
NASH,SNLA,3.0
NASH,FNAL,3.0
NASH,SLAC,4.0
NASH,NERSC,4.0
NASH,PANTEX,2.0
NASH,CERN-513,5.0
NEWY,DENV,4.0
NEWY,WASH,2.0
NEWY,SUNN,4.0
NEWY,STAR,2.0
NEWY,CHIC,2.0
NEWY,SACR,3.0
NEWY,AOFA,1.0
NEWY,HOUS,4.0
NEWY,NASH,3.0
NEWY,NEWY,0.0
NEWY,ALBQ,5.0
NEWY,LOND,2.0
NEWY,KANS,3.0
NEWY,BOST,3.0
NEWY,ELPA,5.0
NEWY,BOIS,5.0
NEWY,LSVN,5.0
NEWY,PNWG,4.0
NEWY,AMST,3.0
NEWY,JGI,4.0
NEWY,LLNL,5.0
NEWY,NREL,5.0
NEWY,BNL,1.0
NEWY,SNLL,4.0
NEWY,PPPL,3.0
NEWY,ANL,3.0
NEWY,SNLA,4.0
NEWY,FNAL,3.0
NEWY,SLAC,5.0
NEWY,NERSC,5.0
NEWY,PANTEX,5.0
NEWY,CERN-513,4.0
ATLA,DENV,3.0
ATLA,WASH,1.0
ATLA,SUNN,3.0
ATLA,STAR,2.0
ATLA,CHIC,1.0
ATLA,SACR,2.0
ATLA,AOFA,2.0
ATLA,HOUS,2.0
ATLA,NASH,1.0
ATLA,NEWY,3.0
ATLA,ATLA,0.0
ATLA,ALBQ,4.0
ATLA,LOND,3.0
ATLA,KANS,2.0
ATLA,BOST,3.0
ATLA,ELPA,3.0
ATLA,BOIS,4.0
ATLA,LSVN,4.0
ATLA,PNWG,3.0
ATLA,AMST,4.0
ATLA,JGI,3.0
ATLA,LLNL,4.0
ATLA,NREL,4.0
ATLA,BNL,4.0
ATLA,SNLL,3.0
ATLA,PPPL,2.0
ATLA,SRS,1.0
ATLA,ANL,3.0
ATLA,SNLA,3.0
ATLA,ORNL,1.0
ATLA,FNAL,3.0
ATLA,SLAC,4.0
ATLA,NERSC,4.0
ATLA,PANTEX,3.0
ATLA,CERN-513,5.0
ALBQ,DENV,1.0
ALBQ,WASH,4.0
ALBQ,SUNN,2.0
ALBQ,STAR,4.0
ALBQ,CHIC,3.0
ALBQ,SACR,2.0
ALBQ,AOFA,5.0
ALBQ,HOUS,2.0
ALBQ,NASH,3.0
ALBQ,NEWY,6.0
ALBQ,ALBQ,0.0
ALBQ,LOND,4.0
ALBQ,KANS,2.0
ALBQ,BOST,5.0
ALBQ,ELPA,1.0
ALBQ,BOIS,2.0
ALBQ,LSVN,2.0
ALBQ,PNWG,2.0
ALBQ,AMST,5.0
ALBQ,JGI,3.0
ALBQ,LLNL,3.0
ALBQ,NREL,2.0
ALBQ,BNL,7.0
ALBQ,SNLL,3.0
ALBQ,PPPL,5.0
ALBQ,ANL,5.0
ALBQ,SNLA,3.0
ALBQ,FNAL,5.0
ALBQ,SLAC,3.0
ALBQ,NERSC,3.0
ALBQ,PANTEX,3.0
ALBQ,CERN-513,6.0
LOND,DENV,5.0
LOND,WASH,3.0
LOND,SUNN,5.0
LOND,STAR,3.0
LOND,CHIC,3.0
LOND,SACR,4.0
LOND,AOFA,4.0
LOND,HOUS,5.0
LOND,NASH,4.0
LOND,NEWY,3.0
LOND,ALBQ,6.0
LOND,LOND,0.0
LOND,KANS,4.0
LOND,BOST,2.0
LOND,ELPA,6.0
LOND,BOIS,6.0
LOND,LSVN,6.0
LOND,PNWG,5.0
LOND,AMST,1.0
LOND,JGI,5.0
LOND,LLNL,6.0
LOND,NREL,6.0
LOND,BNL,4.0
LOND,SNLL,5.0
LOND,PPPL,4.0
LOND,ANL,4.0
LOND,SNLA,5.0
LOND,FNAL,4.0
LOND,SLAC,6.0
LOND,NERSC,6.0
LOND,PANTEX,6.0
LOND,CERN-513,2.0
KANS,DENV,1.0
KANS,WASH,2.0
KANS,SUNN,3.0
KANS,STAR,2.0
KANS,CHIC,1.0
KANS,SACR,2.0
KANS,AOFA,3.0
KANS,HOUS,1.0
KANS,NASH,2.0
KANS,NEWY,4.0
KANS,ALBQ,4.0
KANS,LOND,4.0
KANS,KANS,0.0
KANS,BOST,3.0
KANS,ELPA,2.0
KANS,BOIS,2.0
KANS,LSVN,2.0
KANS,PNWG,2.0
KANS,AMST,4.0
KANS,JGI,3.0
KANS,LLNL,4.0
KANS,NREL,2.0
KANS,BNL,5.0
KANS,SNLL,3.0
KANS,PPPL,3.0
KANS,ANL,3.0
KANS,SNLA,3.0
KANS,FNAL,3.0
KANS,SLAC,4.0
KANS,NERSC,4.0
KANS,PANTEX,2.0
KANS,CERN-513,5.0
BOST,DENV,4.0
BOST,WASH,3.0
BOST,SUNN,4.0
BOST,STAR,1.0
BOST,CHIC,2.0
BOST,SACR,3.0
BOST,AOFA,2.0
BOST,HOUS,4.0
BOST,NASH,3.0
BOST,NEWY,1.0
BOST,ALBQ,5.0
BOST,LOND,2.0
BOST,KANS,3.0
BOST,BOST,0.0
BOST,ELPA,5.0
BOST,BOIS,5.0
BOST,LSVN,5.0
BOST,PNWG,4.0
BOST,AMST,1.0
BOST,JGI,4.0
BOST,LLNL,5.0
BOST,NREL,5.0
BOST,BNL,2.0
BOST,SNLL,4.0
BOST,PPPL,4.0
BOST,ANL,2.0
BOST,SNLA,4.0
BOST,FNAL,2.0
BOST,SLAC,5.0
BOST,NERSC,5.0
BOST,PANTEX,5.0
BOST,CERN-513,2.0
ELPA,DENV,3.0
ELPA,WASH,3.0
ELPA,SUNN,1.0
ELPA,STAR,4.0
ELPA,CHIC,3.0
ELPA,SACR,2.0
ELPA,AOFA,4.0
ELPA,HOUS,1.0
ELPA,NASH,2.0
ELPA,NEWY,5.0
ELPA,ALBQ,4.0
ELPA,LOND,4.0
ELPA,KANS,2.0
ELPA,BOST,5.0
ELPA,ELPA,0.0
ELPA,BOIS,4.0
ELPA,LSVN,2.0
ELPA,PNWG,3.0
ELPA,AMST,5.0
ELPA,JGI,3.0
ELPA,LLNL,2.0
ELPA,NREL,4.0
ELPA,BNL,6.0
ELPA,SNLL,3.0
ELPA,PPPL,4.0
ELPA,ANL,5.0
ELPA,SNLA,3.0
ELPA,FNAL,5.0
ELPA,SLAC,2.0
ELPA,NERSC,2.0
ELPA,PANTEX,2.0
ELPA,CERN-513,6.0
EASH,EASH,0.0
BOIS,DENV,1.0
BOIS,WASH,4.0
BOIS,SUNN,3.0
BOIS,STAR,4.0
BOIS,CHIC,3.0
BOIS,SACR,2.0
BOIS,AOFA,5.0
BOIS,HOUS,3.0
BOIS,NASH,4.0
BOIS,NEWY,6.0
BOIS,ALBQ,4.0
BOIS,LOND,4.0
BOIS,KANS,2.0
BOIS,BOST,5.0
BOIS,ELPA,4.0
BOIS,BOIS,0.0
BOIS,LSVN,2.0
BOIS,PNWG,1.0
BOIS,AMST,5.0
BOIS,JGI,3.0
BOIS,LLNL,4.0
BOIS,NREL,2.0
BOIS,BNL,7.0
BOIS,SNLL,3.0
BOIS,PPPL,5.0
BOIS,ANL,5.0
BOIS,SNLA,3.0
BOIS,FNAL,5.0
BOIS,SLAC,4.0
BOIS,NERSC,4.0
BOIS,PANTEX,4.0
BOIS,CERN-513,6.0
ECHI,ECHI,0.0
LSVN,DENV,1.0
LSVN,WASH,4.0
LSVN,SUNN,1.0
LSVN,STAR,4.0
LSVN,CHIC,3.0
LSVN,SACR,2.0
LSVN,AOFA,5.0
LSVN,HOUS,3.0
LSVN,NASH,4.0
LSVN,NEWY,6.0
LSVN,ALBQ,4.0
LSVN,LOND,4.0
LSVN,KANS,2.0
LSVN,BOST,5.0
LSVN,ELPA,2.0
LSVN,BOIS,2.0
LSVN,LSVN,0.0
LSVN,PNWG,2.0
LSVN,AMST,5.0
LSVN,JGI,3.0
LSVN,LLNL,2.0
LSVN,NREL,2.0
LSVN,BNL,7.0
LSVN,SNLL,3.0
LSVN,PPPL,5.0
LSVN,ANL,5.0
LSVN,SNLA,3.0
LSVN,FNAL,5.0
LSVN,SLAC,2.0
LSVN,NERSC,2.0
LSVN,PANTEX,4.0
LSVN,CERN-513,6.0
PNWG,DENV,1.0
PNWG,WASH,4.0
PNWG,SUNN,2.0
PNWG,STAR,4.0
PNWG,CHIC,3.0
PNWG,SACR,2.0
PNWG,AOFA,5.0
PNWG,HOUS,3.0
PNWG,NASH,4.0
PNWG,NEWY,6.0
PNWG,ALBQ,4.0
PNWG,LOND,4.0
PNWG,KANS,2.0
PNWG,BOST,5.0
PNWG,ELPA,3.0
PNWG,BOIS,1.0
PNWG,LSVN,1.0
PNWG,PNWG,0.0
PNWG,AMST,5.0
PNWG,JGI,3.0
PNWG,LLNL,3.0
PNWG,NREL,2.0
PNWG,BNL,7.0
PNWG,SNLL,3.0
PNWG,PPPL,5.0
PNWG,ANL,5.0
PNWG,SNLA,3.0
PNWG,FNAL,5.0
PNWG,SLAC,3.0
PNWG,NERSC,3.0
PNWG,PANTEX,4.0
PNWG,CERN-513,6.0
AMST,DENV,4.0
AMST,WASH,2.0
AMST,SUNN,4.0
AMST,STAR,2.0
AMST,CHIC,2.0
AMST,SACR,3.0
AMST,AOFA,3.0
AMST,HOUS,4.0
AMST,NASH,3.0
AMST,NEWY,2.0
AMST,ALBQ,5.0
AMST,LOND,1.0
AMST,KANS,3.0
AMST,BOST,1.0
AMST,ELPA,5.0
AMST,BOIS,5.0
AMST,LSVN,5.0
AMST,PNWG,4.0
AMST,AMST,0.0
AMST,JGI,4.0
AMST,LLNL,5.0
AMST,NREL,5.0
AMST,BNL,3.0
AMST,SNLL,4.0
AMST,PPPL,3.0
AMST,ANL,3.0
AMST,SNLA,4.0
AMST,FNAL,3.0
AMST,SLAC,5.0
AMST,NERSC,5.0
AMST,PANTEX,5.0
AMST,CERN-513,1.0
JGI,DENV,2.0
JGI,WASH,3.0
JGI,SUNN,2.0
JGI,STAR,3.0
JGI,CHIC,2.0
JGI,SACR,1.0
JGI,AOFA,4.0
JGI,HOUS,4.0
JGI,NASH,3.0
JGI,NEWY,4.0
JGI,ALBQ,3.0
JGI,LOND,1.0
JGI,KANS,3.0
JGI,BOST,3.0
JGI,ELPA,3.0
JGI,BOIS,3.0
JGI,LSVN,3.0
JGI,PNWG,2.0
JGI,AMST,2.0
JGI,JGI,0.0
JGI,LLNL,3.0
JGI,NREL,3.0
JGI,BNL,5.0
JGI,SNLL,2.0
JGI,PPPL,4.0
JGI,ANL,4.0
JGI,SNLA,2.0
JGI,FNAL,4.0
JGI,SLAC,3.0
JGI,NERSC,3.0
JGI,PANTEX,5.0
JGI,CERN-513,3.0
LLNL,DENV,3.0
LLNL,WASH,4.0
LLNL,SUNN,1.0
LLNL,STAR,4.0
LLNL,CHIC,3.0
LLNL,SACR,2.0
LLNL,AOFA,5.0
LLNL,HOUS,3.0
LLNL,NASH,4.0
LLNL,NEWY,6.0
LLNL,ALBQ,4.0
LLNL,LOND,4.0
LLNL,KANS,4.0
LLNL,BOST,5.0
LLNL,ELPA,2.0
LLNL,BOIS,4.0
LLNL,LSVN,2.0
LLNL,PNWG,3.0
LLNL,AMST,5.0
LLNL,JGI,3.0
LLNL,LLNL,0.0
LLNL,NREL,4.0
LLNL,BNL,7.0
LLNL,SNLL,3.0
LLNL,PPPL,5.0
LLNL,ANL,5.0
LLNL,SNLA,3.0
LLNL,FNAL,5.0
LLNL,SLAC,2.0
LLNL,NERSC,2.0
LLNL,PANTEX,4.0
LLNL,CERN-513,6.0
NREL,NREL,0.0
BNL,DENV,5.0
BNL,WASH,3.0
BNL,SUNN,5.0
BNL,STAR,3.0
BNL,CHIC,3.0
BNL,SACR,4.0
BNL,AOFA,2.0
BNL,HOUS,5.0
BNL,NASH,4.0
BNL,NEWY,1.0
BNL,ALBQ,6.0
BNL,LOND,3.0
BNL,KANS,4.0
BNL,BOST,4.0
BNL,ELPA,6.0
BNL,BOIS,6.0
BNL,LSVN,6.0
BNL,PNWG,5.0
BNL,AMST,4.0
BNL,JGI,5.0
BNL,LLNL,6.0
BNL,NREL,6.0
BNL,BNL,0.0
BNL,SNLL,5.0
BNL,PPPL,4.0
BNL,ANL,4.0
BNL,SNLA,5.0
BNL,FNAL,4.0
BNL,SLAC,6.0
BNL,NERSC,6.0
BNL,PANTEX,6.0
BNL,CERN-513,5.0
SNLL,DENV,2.0
SNLL,WASH,3.0
SNLL,SUNN,2.0
SNLL,STAR,3.0
SNLL,CHIC,2.0
SNLL,SACR,1.0
SNLL,AOFA,4.0
SNLL,HOUS,4.0
SNLL,NASH,3.0
SNLL,NEWY,5.0
SNLL,ALBQ,3.0
SNLL,LOND,3.0
SNLL,KANS,3.0
SNLL,BOST,4.0
SNLL,ELPA,3.0
SNLL,BOIS,3.0
SNLL,LSVN,3.0
SNLL,PNWG,2.0
SNLL,AMST,4.0
SNLL,JGI,2.0
SNLL,LLNL,3.0
SNLL,NREL,3.0
SNLL,BNL,6.0
SNLL,SNLL,0.0
SNLL,PPPL,4.0
SNLL,ANL,4.0
SNLL,SNLA,2.0
SNLL,FNAL,4.0
SNLL,SLAC,3.0
SNLL,NERSC,3.0
SNLL,PANTEX,5.0
SNLL,CERN-513,5.0
PPPL,DENV,4.0
PPPL,WASH,1.0
PPPL,SUNN,4.0
PPPL,STAR,3.0
PPPL,CHIC,2.0
PPPL,SACR,3.0
PPPL,AOFA,2.0
PPPL,HOUS,3.0
PPPL,NASH,2.0
PPPL,NEWY,3.0
PPPL,ALBQ,5.0
PPPL,LOND,3.0
PPPL,KANS,3.0
PPPL,BOST,4.0
PPPL,ELPA,4.0
PPPL,BOIS,5.0
PPPL,LSVN,5.0
PPPL,PNWG,4.0
PPPL,AMST,4.0
PPPL,JGI,4.0
PPPL,LLNL,5.0
PPPL,NREL,5.0
PPPL,BNL,4.0
PPPL,SNLL,4.0
PPPL,PPPL,0.0
PPPL,ANL,4.0
PPPL,SNLA,4.0
PPPL,FNAL,4.0
PPPL,SLAC,5.0
PPPL,NERSC,5.0
PPPL,PANTEX,4.0
PPPL,CERN-513,5.0
SRS,SRS,0.0
ANL,DENV,4.0
ANL,WASH,3.0
ANL,SUNN,4.0
ANL,STAR,1.0
ANL,CHIC,2.0
ANL,SACR,3.0
ANL,AOFA,2.0
ANL,HOUS,4.0
ANL,NASH,3.0
ANL,NEWY,3.0
ANL,ALBQ,5.0
ANL,LOND,3.0
ANL,KANS,3.0
ANL,BOST,2.0
ANL,ELPA,5.0
ANL,BOIS,5.0
ANL,LSVN,5.0
ANL,PNWG,4.0
ANL,AMST,3.0
ANL,JGI,4.0
ANL,LLNL,5.0
ANL,NREL,5.0
ANL,BNL,4.0
ANL,SNLL,4.0
ANL,PPPL,4.0
ANL,ANL,0.0
ANL,SNLA,4.0
ANL,FNAL,2.0
ANL,SLAC,5.0
ANL,NERSC,5.0
ANL,PANTEX,5.0
ANL,CERN-513,4.0
SNLA,DENV,2.0
SNLA,WASH,5.0
SNLA,SUNN,3.0
SNLA,STAR,5.0
SNLA,CHIC,4.0
SNLA,SACR,3.0
SNLA,AOFA,6.0
SNLA,HOUS,3.0
SNLA,NASH,4.0
SNLA,NEWY,7.0
SNLA,ALBQ,1.0
SNLA,LOND,5.0
SNLA,KANS,3.0
SNLA,BOST,6.0
SNLA,ELPA,2.0
SNLA,BOIS,3.0
SNLA,LSVN,3.0
SNLA,PNWG,3.0
SNLA,AMST,6.0
SNLA,JGI,4.0
SNLA,LLNL,4.0
SNLA,NREL,3.0
SNLA,BNL,8.0
SNLA,SNLL,4.0
SNLA,PPPL,6.0
SNLA,ANL,6.0
SNLA,SNLA,0.0
SNLA,FNAL,6.0
SNLA,SLAC,4.0
SNLA,NERSC,4.0
SNLA,PANTEX,4.0
SNLA,CERN-513,7.0
ORNL,DENV,4.0
ORNL,WASH,2.0
ORNL,SUNN,4.0
ORNL,STAR,3.0
ORNL,CHIC,2.0
ORNL,SACR,3.0
ORNL,AOFA,3.0
ORNL,HOUS,3.0
ORNL,NASH,2.0
ORNL,NEWY,4.0
ORNL,ATLA,1.0
ORNL,ALBQ,5.0
ORNL,LOND,4.0
ORNL,KANS,3.0
ORNL,BOST,4.0
ORNL,ELPA,4.0
ORNL,BOIS,5.0
ORNL,LSVN,5.0
ORNL,PNWG,4.0
ORNL,AMST,5.0
ORNL,JGI,4.0
ORNL,LLNL,5.0
ORNL,NREL,5.0
ORNL,BNL,5.0
ORNL,SNLL,4.0
ORNL,PPPL,3.0
ORNL,SRS,2.0
ORNL,ANL,4.0
ORNL,SNLA,4.0
ORNL,ORNL,0.0
ORNL,FNAL,4.0
ORNL,SLAC,5.0
ORNL,NERSC,5.0
ORNL,PANTEX,4.0
ORNL,CERN-513,6.0
FNAL,DENV,4.0
FNAL,WASH,3.0
FNAL,SUNN,4.0
FNAL,STAR,1.0
FNAL,CHIC,2.0
FNAL,SACR,3.0
FNAL,AOFA,2.0
FNAL,HOUS,4.0
FNAL,NASH,3.0
FNAL,NEWY,3.0
FNAL,ALBQ,5.0
FNAL,LOND,3.0
FNAL,KANS,3.0
FNAL,BOST,2.0
FNAL,ELPA,5.0
FNAL,BOIS,5.0
FNAL,LSVN,5.0
FNAL,PNWG,4.0
FNAL,AMST,3.0
FNAL,JGI,4.0
FNAL,LLNL,5.0
FNAL,NREL,5.0
FNAL,BNL,4.0
FNAL,SNLL,4.0
FNAL,PPPL,4.0
FNAL,ANL,2.0
FNAL,SNLA,4.0
FNAL,FNAL,0.0
FNAL,SLAC,5.0
FNAL,NERSC,5.0
FNAL,PANTEX,5.0
FNAL,CERN-513,4.0
SLAC,DENV,3.0
SLAC,WASH,4.0
SLAC,SUNN,1.0
SLAC,STAR,4.0
SLAC,CHIC,3.0
SLAC,SACR,2.0
SLAC,AOFA,5.0
SLAC,HOUS,3.0
SLAC,NASH,4.0
SLAC,NEWY,6.0
SLAC,ALBQ,4.0
SLAC,LOND,4.0
SLAC,KANS,4.0
SLAC,BOST,5.0
SLAC,ELPA,2.0
SLAC,BOIS,4.0
SLAC,LSVN,2.0
SLAC,PNWG,3.0
SLAC,AMST,5.0
SLAC,JGI,3.0
SLAC,LLNL,2.0
SLAC,NREL,4.0
SLAC,BNL,7.0
SLAC,SNLL,3.0
SLAC,PPPL,5.0
SLAC,ANL,5.0
SLAC,SNLA,3.0
SLAC,FNAL,5.0
SLAC,SLAC,0.0
SLAC,NERSC,2.0
SLAC,PANTEX,4.0
SLAC,CERN-513,6.0
NERSC,DENV,3.0
NERSC,WASH,4.0
NERSC,SUNN,1.0
NERSC,STAR,4.0
NERSC,CHIC,3.0
NERSC,SACR,2.0
NERSC,AOFA,5.0
NERSC,HOUS,3.0
NERSC,NASH,4.0
NERSC,NEWY,6.0
NERSC,ALBQ,4.0
NERSC,LOND,4.0
NERSC,KANS,4.0
NERSC,BOST,5.0
NERSC,ELPA,2.0
NERSC,BOIS,4.0
NERSC,LSVN,2.0
NERSC,PNWG,3.0
NERSC,AMST,5.0
NERSC,JGI,3.0
NERSC,LLNL,2.0
NERSC,NREL,4.0
NERSC,BNL,7.0
NERSC,SNLL,3.0
NERSC,PPPL,5.0
NERSC,ANL,5.0
NERSC,SNLA,3.0
NERSC,FNAL,5.0
NERSC,SLAC,2.0
NERSC,NERSC,0.0
NERSC,PANTEX,4.0
NERSC,CERN-513,6.0
PANTEX,DENV,3.0
PANTEX,WASH,3.0
PANTEX,SUNN,3.0
PANTEX,STAR,4.0
PANTEX,CHIC,3.0
PANTEX,SACR,4.0
PANTEX,AOFA,4.0
PANTEX,HOUS,1.0
PANTEX,NASH,2.0
PANTEX,NEWY,5.0
PANTEX,ALBQ,6.0
PANTEX,LOND,5.0
PANTEX,KANS,2.0
PANTEX,BOST,5.0
PANTEX,ELPA,2.0
PANTEX,BOIS,4.0
PANTEX,LSVN,4.0
PANTEX,PNWG,4.0
PANTEX,AMST,6.0
PANTEX,JGI,5.0
PANTEX,LLNL,4.0
PANTEX,NREL,4.0
PANTEX,BNL,6.0
PANTEX,SNLL,5.0
PANTEX,PPPL,4.0
PANTEX,ANL,5.0
PANTEX,SNLA,5.0
PANTEX,FNAL,5.0
PANTEX,SLAC,4.0
PANTEX,NERSC,4.0
PANTEX,PANTEX,0.0
PANTEX,CERN-513,7.0
CERN-513,DENV,3.0
CERN-513,WASH,1.0
CERN-513,SUNN,3.0
CERN-513,STAR,2.0
CERN-513,CHIC,1.0
CERN-513,SACR,2.0
CERN-513,AOFA,2.0
CERN-513,HOUS,3.0
CERN-513,NASH,2.0
CERN-513,NEWY,3.0
CERN-513,ALBQ,4.0
CERN-513,LOND,2.0
CERN-513,KANS,2.0
CERN-513,BOST,2.0
CERN-513,ELPA,4.0
CERN-513,BOIS,4.0
CERN-513,LSVN,4.0
CERN-513,PNWG,3.0
CERN-513,AMST,1.0
CERN-513,JGI,3.0
CERN-513,LLNL,4.0
CERN-513,NREL,4.0
CERN-513,BNL,4.0
CERN-513,SNLL,3.0
CERN-513,PPPL,2.0
CERN-513,ANL,3.0
CERN-513,SNLA,3.0
CERN-513,FNAL,3.0
CERN-513,SLAC,4.0
CERN-513,NERSC,4.0
CERN-513,PANTEX,4.0
CERN-513,CERN-513,0.0
